timestamp,unit_id,unit_type,empire_or_resistance,location_x,location_y,destination_x,destination_y,homeworld
2024-10-08 13:34:20,1,resistance_soldier,resistance,7,7,3,5,Haruun Kal
2024-10-08 13:34:19,2,at-st,resistance,4,5,9,2,Aleen Minor
2024-10-08 13:34:18,3,unknown,resistance,1,7,6,9,Tatooine
2024-10-08 13:34:17,4,unknown,resistance,10,6,5,4,Sullust
2024-10-08 13:34:16,5,at-at,resistance,1,2,2,6,Umbara
2024-10-08 13:34:15,6,stormtrooper,empire,7,10,9,4,Eriadu
2024-10-08 13:34:14,7,tie_fighter,resistance,5,5,1,7,Tholoth
2024-10-08 13:34:13,8,x-wing,resistance,9,6,1,7,Chandrila
2024-10-08 13:34:12,9,tie_fighter,resistance,1,3,3,10,Troiken
2024-10-08 13:34:11,10,resistance_soldier,resistance,2,10,6,10,Glee Anselm
2024-10-08 13:34:10,11,tie_silencer,resistance,9,9,6,5,Mon Cala
2024-10-08 13:34:09,12,stormtrooper,resistance,10,5,3,10,Troiken
2024-10-08 13:34:08,13,at-at,empire,9,7,6,9,Zolan
2024-10-08 13:34:07,14,tie_fighter,resistance,3,10,5,1,Tatooine
2024-10-08 13:34:06,15,x-wing,resistance,7,6,5,6,Concord Dawn
2024-10-08 13:34:05,16,tie_fighter,resistance,5,8,8,5,Shili
2024-10-08 13:34:04,17,resistance_soldier,resistance,3,4,1,10,Aleen Minor
2024-10-08 13:34:03,18,tie_silencer,empire,5,7,2,10,Quermia
2024-10-08 13:34:02,19,x-wing,empire,7,7,3,6,Dagobah
2024-10-08 13:34:01,20,at-at,resistance,5,7,1,10,Bestine IV
2024-10-08 13:34:00,21,at-at,resistance,2,5,5,1,Troiken
2024-10-08 13:33:59,22,stormtrooper,resistance,4,7,2,9,Tatooine
2024-10-08 13:33:58,23,tie_silencer,empire,6,5,9,5,Troiken
2024-10-08 13:33:57,24,at-st,empire,2,1,7,3,Tatooine
2024-10-08 13:33:56,25,x-wing,resistance,10,3,4,10,Iktotch
2024-10-08 13:33:55,26,tie_fighter,resistance,8,8,1,3,Ryloth
2024-10-08 13:33:54,27,tie_silencer,resistance,9,2,9,10,Sullust
2024-10-08 13:33:53,28,x-wing,resistance,8,1,5,10,Champala
2024-10-08 13:33:52,29,resistance_soldier,empire,5,3,1,5,Tund
2024-10-08 13:33:51,30,at-at,empire,1,4,4,10,Dorin
2024-10-08 13:33:50,31,unknown,empire,1,9,5,9,Dagobah
2024-10-08 13:33:49,32,tie_silencer,empire,6,10,10,4,Skako
2024-10-08 13:33:48,33,tie_silencer,resistance,2,8,9,8,Shili
2024-10-08 13:33:47,34,at-at,resistance,7,2,8,9,Kalee
2024-10-08 13:33:46,35,unknown,empire,7,5,9,1,Stewjon
2024-10-08 13:33:45,36,at-st,empire,1,7,9,5,Ryloth
2024-10-08 13:33:44,37,resistance_soldier,empire,5,6,1,2,Dorin
2024-10-08 13:33:43,38,stormtrooper,resistance,9,10,9,3,Dorin
2024-10-08 13:33:42,39,tie_silencer,resistance,10,8,3,1,Stewjon
2024-10-08 13:33:41,40,at-at,empire,4,4,8,2,Socorro
2024-10-08 13:33:40,41,tie_fighter,resistance,6,9,3,6,Eriadu
2024-10-08 13:33:39,42,at-at,empire,10,5,7,1,Naboo
2024-10-08 13:33:38,43,unknown,resistance,5,3,2,10,Sullust
2024-10-08 13:33:37,44,stormtrooper,resistance,10,7,3,4,Ryloth
2024-10-08 13:33:36,45,at-at,resistance,4,1,3,9,Iktotch
2024-10-08 13:33:35,46,x-wing,empire,1,3,7,4,Zolan
2024-10-08 13:33:34,47,at-st,resistance,3,10,3,5,Tholoth
2024-10-08 13:33:33,48,x-wing,resistance,10,10,7,1,Sullust
2024-10-08 13:33:32,49,tie_silencer,empire,8,6,3,10,Ryloth
2024-10-08 13:33:31,50,resistance_soldier,empire,7,8,6,2,Troiken
2024-10-08 13:33:30,51,unknown,empire,5,1,6,8,Glee Anselm
2024-10-08 13:33:29,52,at-at,resistance,7,5,5,9,Stewjon
2024-10-08 13:33:28,53,resistance_soldier,resistance,2,6,6,5,Zolan
2024-10-08 13:33:27,54,at-at,resistance,7,3,4,6,Dathomir
2024-10-08 13:33:26,55,x-wing,resistance,3,6,4,5,Alderaan
2024-10-08 13:33:25,56,unknown,empire,9,10,7,7,Dagobah
2024-10-08 13:33:24,57,tie_silencer,resistance,6,10,5,1,Shili
2024-10-08 13:33:23,58,stormtrooper,resistance,10,10,9,2,Dagobah
2024-10-08 13:33:22,59,at-at,resistance,5,10,2,7,Chandrila
2024-10-08 13:33:21,60,stormtrooper,resistance,8,1,3,9,Ryloth
2024-10-08 13:33:20,61,at-st,empire,10,8,8,6,Muunilinst
2024-10-08 13:33:19,62,at-st,empire,4,5,3,10,Toydaria
2024-10-08 13:33:18,63,stormtrooper,resistance,1,3,3,2,Bestine IV
2024-10-08 13:33:17,64,tie_silencer,empire,1,3,5,8,Skako
2024-10-08 13:33:16,65,tie_fighter,empire,10,5,1,9,Champala
2024-10-08 13:33:15,66,tie_silencer,empire,8,4,8,3,Cerea
2024-10-08 13:33:14,67,at-at,resistance,9,6,1,3,Cerea
2024-10-08 13:33:13,68,unknown,resistance,5,9,2,9,Trandosha
2024-10-08 13:33:12,69,tie_silencer,empire,7,9,3,8,Dagobah
2024-10-08 13:33:11,70,tie_silencer,empire,5,1,6,3,Iktotch
2024-10-08 13:33:10,71,unknown,empire,9,3,7,3,Serenno
2024-10-08 13:33:09,72,resistance_soldier,empire,7,10,6,3,Iktotch
2024-10-08 13:33:08,73,at-st,empire,2,8,8,5,Zolan
2024-10-08 13:33:07,74,x-wing,resistance,5,7,1,1,Trandosha
2024-10-08 13:33:06,75,tie_fighter,resistance,10,9,4,9,Shili
2024-10-08 13:33:05,76,at-at,empire,6,1,9,4,Kalee
2024-10-08 13:33:04,77,unknown,empire,8,5,10,1,Kashyyyk
2024-10-08 13:33:03,78,tie_fighter,empire,6,3,5,9,Toydaria
2024-10-08 13:33:02,79,tie_fighter,resistance,2,7,3,5,Bestine IV
2024-10-08 13:33:01,80,tie_silencer,empire,10,6,5,7,Muunilinst
2024-10-08 13:33:00,81,resistance_soldier,resistance,8,6,9,5,Tatooine
2024-10-08 13:32:59,82,at-at,resistance,7,8,3,3,Haruun Kal
2024-10-08 13:32:58,83,at-st,resistance,7,4,10,7,Alderaan
2024-10-08 13:32:57,84,tie_fighter,resistance,4,6,6,10,Champala
2024-10-08 13:32:56,85,stormtrooper,empire,3,1,7,3,Umbara
2024-10-08 13:32:55,86,unknown,resistance,3,7,10,6,Shili
2024-10-08 13:32:54,87,at-at,resistance,7,6,3,2,Shili
2024-10-08 13:32:53,88,tie_silencer,empire,3,4,1,8,Skako
2024-10-08 13:32:52,89,at-st,empire,1,8,2,10,Tatooine
2024-10-08 13:32:51,90,stormtrooper,resistance,2,4,9,6,Umbara
2024-10-08 13:32:50,91,at-st,empire,2,3,5,2,Malastare
2024-10-08 13:32:49,92,x-wing,resistance,7,10,9,5,Malastare
2024-10-08 13:32:48,93,x-wing,empire,6,3,5,1,Mirial
2024-10-08 13:32:47,94,tie_silencer,empire,3,6,1,6,Dorin
2024-10-08 13:32:46,95,tie_silencer,resistance,6,8,2,4,Cerea
2024-10-08 13:32:45,96,resistance_soldier,resistance,4,1,1,5,Umbara
2024-10-08 13:32:44,97,stormtrooper,empire,6,1,3,9,Iktotch
2024-10-08 13:32:43,98,tie_fighter,resistance,8,7,4,5,Eriadu
2024-10-08 13:32:42,99,tie_fighter,empire,4,7,1,2,Eriadu
2024-10-08 13:32:41,100,unknown,empire,6,1,5,7,Shili
2024-10-08 13:32:40,101,resistance_soldier,resistance,6,6,5,6,Ryloth
2024-10-08 13:32:39,102,resistance_soldier,empire,5,6,10,5,Dorin
2024-10-08 13:32:38,103,stormtrooper,empire,8,3,7,6,Zolan
2024-10-08 13:32:37,104,stormtrooper,resistance,8,7,7,9,Zolan
2024-10-08 13:32:36,105,x-wing,resistance,2,9,1,2,Bestine IV
2024-10-08 13:32:35,106,tie_fighter,empire,4,10,7,7,Umbara
2024-10-08 13:32:34,107,unknown,resistance,1,3,1,7,Socorro
2024-10-08 13:32:33,108,tie_fighter,empire,2,6,10,2,Kalee
2024-10-08 13:32:32,109,stormtrooper,resistance,6,5,5,4,Naboo
2024-10-08 13:32:31,110,unknown,empire,10,2,3,5,Toydaria
2024-10-08 13:32:30,111,resistance_soldier,empire,10,3,1,9,Zolan
2024-10-08 13:32:29,112,resistance_soldier,resistance,10,5,8,8,Sullust
2024-10-08 13:32:28,113,stormtrooper,resistance,1,9,7,9,Champala
2024-10-08 13:32:27,114,x-wing,empire,4,3,9,10,Naboo
2024-10-08 13:32:26,115,at-st,resistance,4,2,4,5,Tholoth
2024-10-08 13:32:25,116,stormtrooper,empire,6,1,7,8,Toydaria
2024-10-08 13:32:24,117,tie_silencer,resistance,9,6,10,7,Iktotch
2024-10-08 13:32:23,118,stormtrooper,resistance,8,1,9,8,Cerea
2024-10-08 13:32:22,119,x-wing,resistance,9,10,6,3,Haruun Kal
2024-10-08 13:32:21,120,x-wing,resistance,1,10,2,10,Mon Cala
2024-10-08 13:32:20,121,tie_fighter,resistance,7,3,1,9,Sullust
2024-10-08 13:32:19,122,at-st,empire,1,10,8,7,Naboo
2024-10-08 13:32:18,123,x-wing,resistance,5,6,10,3,Socorro
2024-10-08 13:32:17,124,at-st,empire,6,8,6,9,Muunilinst
2024-10-08 13:32:16,125,stormtrooper,empire,2,5,5,7,Aleen Minor
2024-10-08 13:32:15,126,tie_fighter,resistance,10,1,9,1,Kashyyyk
2024-10-08 13:32:14,127,at-at,empire,5,9,6,10,Corellia
2024-10-08 13:32:13,128,unknown,empire,9,8,1,9,Champala
2024-10-08 13:32:12,129,x-wing,empire,4,4,2,6,Malastare
2024-10-08 13:32:11,130,stormtrooper,resistance,1,10,10,7,Malastare
2024-10-08 13:32:10,131,tie_silencer,resistance,2,8,10,3,Concord Dawn
2024-10-08 13:32:09,132,at-at,resistance,9,4,4,9,Alderaan
2024-10-08 13:32:08,133,at-at,empire,7,9,3,5,Tund
2024-10-08 13:32:07,134,resistance_soldier,empire,9,10,3,1,Quermia
2024-10-08 13:32:06,135,at-at,resistance,10,5,2,5,Haruun Kal
2024-10-08 13:32:05,136,x-wing,empire,7,2,4,10,Rodia
2024-10-08 13:32:04,137,tie_silencer,resistance,7,4,3,2,Mon Cala
2024-10-08 13:32:03,138,x-wing,resistance,5,2,4,7,Tatooine
2024-10-08 13:32:02,139,at-st,empire,6,8,4,2,Kalee
2024-10-08 13:32:01,140,at-st,empire,2,4,1,7,Ryloth
2024-10-08 13:32:00,141,tie_silencer,empire,2,8,1,4,Toydaria
2024-10-08 13:31:59,142,unknown,resistance,5,6,7,7,Ryloth
2024-10-08 13:31:58,143,at-at,resistance,2,9,2,9,Sullust
2024-10-08 13:31:57,144,resistance_soldier,empire,3,10,1,2,Concord Dawn
2024-10-08 13:31:56,145,x-wing,resistance,6,10,1,4,Dagobah
2024-10-08 13:31:55,146,at-at,resistance,1,9,10,10,Vulpter
2024-10-08 13:31:54,147,tie_fighter,resistance,8,10,8,6,Naboo
2024-10-08 13:31:53,148,unknown,resistance,9,2,5,4,Mon Cala
2024-10-08 13:31:52,149,resistance_soldier,empire,8,10,8,9,Quermia
2024-10-08 13:31:51,150,stormtrooper,empire,6,2,2,10,Muunilinst
2024-10-08 13:31:50,151,tie_fighter,resistance,7,7,9,8,Shili
2024-10-08 13:31:49,152,at-at,resistance,1,6,4,10,Tholoth
2024-10-08 13:31:48,153,resistance_soldier,resistance,9,2,5,7,Dathomir
2024-10-08 13:31:47,154,stormtrooper,resistance,8,9,3,2,Iktotch
2024-10-08 13:31:46,155,resistance_soldier,resistance,3,8,6,6,Glee Anselm
2024-10-08 13:31:45,156,at-st,resistance,2,7,9,5,Zolan
2024-10-08 13:31:44,157,unknown,resistance,4,2,5,5,Skako
2024-10-08 13:31:43,158,x-wing,resistance,8,9,4,8,Quermia
2024-10-08 13:31:42,159,stormtrooper,resistance,7,3,3,4,Dorin
2024-10-08 13:31:41,160,unknown,resistance,7,6,6,3,Dorin
2024-10-08 13:31:40,161,tie_fighter,resistance,4,1,4,5,Glee Anselm
2024-10-08 13:31:39,162,at-st,empire,3,5,4,9,Concord Dawn
2024-10-08 13:31:38,163,resistance_soldier,resistance,10,1,4,5,Dorin
2024-10-08 13:31:37,164,stormtrooper,empire,5,10,10,4,Cerea
2024-10-08 13:31:36,165,at-st,empire,8,3,4,6,Aleen Minor
2024-10-08 13:31:35,166,resistance_soldier,resistance,1,1,4,7,Toydaria
2024-10-08 13:31:34,167,x-wing,resistance,6,1,2,5,Cerea
2024-10-08 13:31:33,168,stormtrooper,empire,8,7,4,2,Tholoth
2024-10-08 13:31:32,169,tie_silencer,resistance,3,9,5,2,Cerea
2024-10-08 13:31:31,170,tie_fighter,resistance,1,3,6,8,Shili
2024-10-08 13:31:30,171,at-st,resistance,8,10,8,3,Iktotch
2024-10-08 13:31:29,172,unknown,empire,3,7,1,2,Toydaria
2024-10-08 13:31:28,173,at-at,empire,1,2,2,10,Skako
2024-10-08 13:31:27,174,x-wing,resistance,8,7,1,7,Ojom
2024-10-08 13:31:26,175,at-at,empire,6,10,3,8,Tund
2024-10-08 13:31:25,176,unknown,resistance,2,1,8,7,Quermia
2024-10-08 13:31:24,177,tie_fighter,resistance,1,4,3,4,Mon Cala
2024-10-08 13:31:23,178,tie_fighter,resistance,3,8,5,9,Iridonia
2024-10-08 13:31:22,179,at-at,resistance,7,5,6,7,Troiken
2024-10-08 13:31:21,180,tie_silencer,empire,10,6,5,10,Dagobah
2024-10-08 13:31:20,181,x-wing,resistance,10,4,3,8,Haruun Kal
2024-10-08 13:31:19,182,tie_fighter,resistance,10,9,7,6,Rodia
2024-10-08 13:31:18,183,tie_silencer,empire,8,8,8,5,Serenno
2024-10-08 13:31:17,184,tie_silencer,empire,10,8,8,5,Stewjon
2024-10-08 13:31:16,185,x-wing,empire,6,4,7,8,Dagobah
2024-10-08 13:31:15,186,at-st,empire,7,5,1,9,Umbara
2024-10-08 13:31:14,187,tie_fighter,empire,6,6,9,9,Cerea
2024-10-08 13:31:13,188,resistance_soldier,resistance,7,5,8,2,Sullust
2024-10-08 13:31:12,189,tie_fighter,resistance,4,2,8,5,Bestine IV
2024-10-08 13:31:11,190,tie_fighter,empire,5,3,6,5,Cerea
2024-10-08 13:31:10,191,at-st,resistance,8,10,3,10,Eriadu
2024-10-08 13:31:09,192,tie_fighter,resistance,6,3,3,6,Dathomir
2024-10-08 13:31:08,193,resistance_soldier,resistance,8,1,1,10,Champala
2024-10-08 13:31:07,194,resistance_soldier,resistance,6,1,2,7,Dathomir
2024-10-08 13:31:06,195,x-wing,empire,2,4,3,3,Iktotch
2024-10-08 13:31:05,196,at-st,empire,8,10,2,7,Glee Anselm
2024-10-08 13:31:04,197,stormtrooper,resistance,3,8,9,2,Socorro
2024-10-08 13:31:03,198,at-at,empire,10,8,7,1,Zolan
2024-10-08 13:31:02,199,x-wing,resistance,2,10,8,4,Dagobah
2024-10-08 13:31:01,200,tie_silencer,resistance,8,2,10,3,Glee Anselm
2024-10-08 13:31:00,201,tie_silencer,empire,3,9,3,4,Glee Anselm
2024-10-08 13:30:59,202,tie_silencer,resistance,1,2,1,6,Tholoth
2024-10-08 13:30:58,203,resistance_soldier,empire,10,5,6,2,Chandrila
2024-10-08 13:30:57,204,stormtrooper,empire,4,8,6,5,Muunilinst
2024-10-08 13:30:56,205,resistance_soldier,empire,3,7,5,2,Chandrila
2024-10-08 13:30:55,206,tie_fighter,empire,2,4,1,8,Muunilinst
2024-10-08 13:30:54,207,at-st,resistance,4,2,2,9,Kalee
2024-10-08 13:30:53,208,x-wing,empire,2,6,2,10,Aleen Minor
2024-10-08 13:30:52,209,resistance_soldier,empire,9,3,7,8,Tund
2024-10-08 13:30:51,210,resistance_soldier,empire,5,5,10,1,Kashyyyk
2024-10-08 13:30:50,211,at-at,resistance,9,7,8,4,Alderaan
2024-10-08 13:30:49,212,at-st,resistance,2,5,9,1,Chandrila
2024-10-08 13:30:48,213,resistance_soldier,resistance,8,8,2,6,Champala
2024-10-08 13:30:47,214,unknown,empire,10,1,5,6,Concord Dawn
2024-10-08 13:30:46,215,unknown,empire,8,1,6,3,Corellia
2024-10-08 13:30:45,216,at-at,resistance,7,5,10,10,Rodia
2024-10-08 13:30:44,217,resistance_soldier,empire,3,9,10,3,Cerea
2024-10-08 13:30:43,218,at-st,resistance,2,7,7,2,Aleen Minor
2024-10-08 13:30:42,219,resistance_soldier,empire,8,10,6,10,Corellia
2024-10-08 13:30:41,220,stormtrooper,empire,9,3,8,10,Vulpter
2024-10-08 13:30:40,221,x-wing,empire,8,3,5,5,Ojom
2024-10-08 13:30:39,222,tie_silencer,resistance,2,2,4,4,Champala
2024-10-08 13:30:38,223,stormtrooper,resistance,3,10,4,10,Ojom
2024-10-08 13:30:37,224,resistance_soldier,empire,6,5,8,1,Dagobah
2024-10-08 13:30:36,225,x-wing,empire,8,5,4,2,Dagobah
2024-10-08 13:30:35,226,x-wing,empire,1,1,2,4,Eriadu
2024-10-08 13:30:34,227,resistance_soldier,resistance,7,1,9,8,Serenno
2024-10-08 13:30:33,228,unknown,empire,1,8,7,10,Concord Dawn
2024-10-08 13:30:32,229,stormtrooper,empire,7,3,8,3,Rodia
2024-10-08 13:30:31,230,tie_silencer,resistance,4,2,8,8,Rodia
2024-10-08 13:30:30,231,at-at,empire,2,7,10,4,Concord Dawn
2024-10-08 13:30:29,232,at-st,resistance,3,4,10,4,Vulpter
2024-10-08 13:30:28,233,unknown,empire,6,3,7,2,Corellia
2024-10-08 13:30:27,234,at-st,empire,9,2,6,9,Skako
2024-10-08 13:30:26,235,tie_fighter,resistance,6,1,9,9,Shili
2024-10-08 13:30:25,236,at-st,resistance,6,6,1,2,Alderaan
2024-10-08 13:30:24,237,tie_silencer,resistance,9,1,2,3,Rodia
2024-10-08 13:30:23,238,stormtrooper,empire,8,1,8,7,Dathomir
2024-10-08 13:30:22,239,resistance_soldier,empire,10,5,10,5,Iridonia
2024-10-08 13:30:21,240,at-st,empire,5,10,6,6,Tatooine
2024-10-08 13:30:20,241,x-wing,resistance,4,4,1,2,Kashyyyk
2024-10-08 13:30:19,242,resistance_soldier,empire,2,7,3,4,Malastare
2024-10-08 13:30:18,243,tie_silencer,resistance,8,7,6,6,Iktotch
2024-10-08 13:30:17,244,tie_fighter,resistance,8,6,6,8,Naboo
2024-10-08 13:30:16,245,x-wing,resistance,10,9,9,6,Iridonia
2024-10-08 13:30:15,246,x-wing,empire,6,4,4,2,Concord Dawn
2024-10-08 13:30:14,247,stormtrooper,resistance,6,5,7,3,Toydaria
2024-10-08 13:30:13,248,at-st,empire,2,9,10,10,Muunilinst
2024-10-08 13:30:12,249,resistance_soldier,empire,7,7,2,9,Tatooine
2024-10-08 13:30:11,250,stormtrooper,empire,6,8,8,1,Vulpter
2024-10-08 13:30:10,251,tie_fighter,resistance,6,8,3,1,Ojom
2024-10-08 13:30:09,252,tie_silencer,empire,6,8,8,4,Zolan
2024-10-08 13:30:08,253,x-wing,empire,7,2,5,9,Concord Dawn
2024-10-08 13:30:07,254,at-st,empire,2,7,9,4,Muunilinst
2024-10-08 13:30:06,255,at-st,resistance,1,9,10,6,Chandrila
2024-10-08 13:30:05,256,stormtrooper,empire,3,5,5,8,Stewjon
2024-10-08 13:30:04,257,resistance_soldier,resistance,5,2,6,2,Kashyyyk
2024-10-08 13:30:03,258,x-wing,empire,1,10,9,10,Shili
2024-10-08 13:30:02,259,tie_fighter,resistance,1,8,9,7,Shili
2024-10-08 13:30:01,260,at-st,resistance,2,6,4,4,Zolan
2024-10-08 13:30:00,261,at-at,empire,10,5,5,9,Cerea
2024-10-08 13:29:59,262,stormtrooper,resistance,2,9,8,2,Skako
2024-10-08 13:29:58,263,resistance_soldier,empire,2,8,2,9,Socorro
2024-10-08 13:29:57,264,at-st,resistance,1,2,5,3,Socorro
2024-10-08 13:29:56,265,at-st,empire,7,1,10,2,Serenno
2024-10-08 13:29:55,266,at-at,empire,7,3,9,10,Mirial
2024-10-08 13:29:54,267,stormtrooper,resistance,1,2,4,6,Chandrila
2024-10-08 13:29:53,268,unknown,resistance,5,4,4,1,Haruun Kal
2024-10-08 13:29:52,269,resistance_soldier,resistance,7,2,5,1,Mon Cala
2024-10-08 13:29:51,270,resistance_soldier,empire,7,6,1,6,Stewjon
2024-10-08 13:29:50,271,at-st,resistance,6,3,1,4,Kashyyyk
2024-10-08 13:29:49,272,at-at,empire,8,4,4,2,Skako
2024-10-08 13:29:48,273,unknown,empire,10,9,3,5,Skako
2024-10-08 13:29:47,274,x-wing,empire,1,4,3,4,Dorin
2024-10-08 13:29:46,275,tie_fighter,resistance,1,7,10,9,Shili
2024-10-08 13:29:45,276,tie_silencer,empire,2,10,6,1,Tholoth
2024-10-08 13:29:44,277,unknown,empire,9,6,8,9,Tund
2024-10-08 13:29:43,278,tie_fighter,resistance,4,7,9,3,Champala
2024-10-08 13:29:42,279,at-st,empire,9,8,2,3,Muunilinst
2024-10-08 13:29:41,280,stormtrooper,empire,8,9,2,6,Tund
2024-10-08 13:29:40,281,at-st,empire,5,5,8,6,Muunilinst
2024-10-08 13:29:39,282,stormtrooper,resistance,4,5,2,5,Dorin
2024-10-08 13:29:38,283,x-wing,resistance,9,7,3,9,Tholoth
2024-10-08 13:29:37,284,at-at,empire,2,4,7,8,Trandosha
2024-10-08 13:29:36,285,resistance_soldier,empire,1,5,5,2,Tund
2024-10-08 13:29:35,286,tie_fighter,empire,10,3,5,9,Ojom
2024-10-08 13:29:34,287,unknown,resistance,5,10,8,10,Dorin
2024-10-08 13:29:33,288,resistance_soldier,empire,5,1,4,1,Dorin
2024-10-08 13:29:32,289,at-at,empire,9,4,2,4,Concord Dawn
2024-10-08 13:29:31,290,x-wing,resistance,7,3,6,5,Quermia
2024-10-08 13:29:30,291,stormtrooper,empire,2,8,4,6,Serenno
2024-10-08 13:29:29,292,at-at,empire,8,7,4,2,Corellia
2024-10-08 13:29:28,293,resistance_soldier,resistance,2,1,6,1,Tatooine
2024-10-08 13:29:27,294,tie_silencer,empire,5,10,9,3,Concord Dawn
2024-10-08 13:29:26,295,resistance_soldier,resistance,2,9,10,6,Mirial
2024-10-08 13:29:25,296,unknown,resistance,8,7,10,4,Iridonia
2024-10-08 13:29:24,297,tie_fighter,empire,10,4,8,9,Muunilinst
2024-10-08 13:29:23,298,tie_silencer,resistance,9,10,10,6,Trandosha
2024-10-08 13:29:22,299,stormtrooper,resistance,4,4,8,8,Toydaria
2024-10-08 13:29:21,300,at-st,empire,5,4,3,10,Dagobah
2024-10-08 13:29:20,301,resistance_soldier,empire,4,7,8,8,Eriadu
2024-10-08 13:29:19,302,x-wing,empire,4,4,3,1,Corellia
2024-10-08 13:29:18,303,x-wing,resistance,2,2,4,7,Eriadu
2024-10-08 13:29:17,304,resistance_soldier,resistance,9,5,2,8,Shili
2024-10-08 13:29:16,305,at-st,empire,10,7,1,3,Tund
2024-10-08 13:29:15,306,unknown,resistance,5,10,3,4,Socorro
2024-10-08 13:29:14,307,tie_fighter,empire,10,7,9,7,Quermia
2024-10-08 13:29:13,308,stormtrooper,empire,1,7,2,6,Tund
2024-10-08 13:29:12,309,tie_silencer,empire,1,2,6,8,Eriadu
2024-10-08 13:29:11,310,unknown,empire,4,7,5,6,Champala
2024-10-08 13:29:10,311,at-st,empire,6,2,2,6,Umbara
2024-10-08 13:29:09,312,at-st,resistance,8,10,10,3,Socorro
2024-10-08 13:29:08,313,unknown,resistance,6,5,1,4,Kalee
2024-10-08 13:29:07,314,resistance_soldier,resistance,1,1,9,8,Sullust
2024-10-08 13:29:06,315,at-st,resistance,10,10,6,9,Cerea
2024-10-08 13:29:05,316,tie_fighter,resistance,1,6,9,8,Iridonia
2024-10-08 13:29:04,317,at-at,resistance,8,1,5,2,Kashyyyk
2024-10-08 13:29:03,318,at-at,resistance,2,2,8,8,Kalee
2024-10-08 13:29:02,319,at-at,resistance,2,3,5,5,Malastare
2024-10-08 13:29:01,320,at-at,resistance,10,6,10,9,Zolan
2024-10-08 13:29:00,321,unknown,resistance,1,2,2,1,Haruun Kal
2024-10-08 13:28:59,322,at-st,resistance,9,3,5,5,Rodia
2024-10-08 13:28:58,323,stormtrooper,resistance,5,6,10,5,Tund
2024-10-08 13:28:57,324,tie_fighter,empire,1,6,3,10,Eriadu
2024-10-08 13:28:56,325,x-wing,resistance,7,4,5,9,Eriadu
2024-10-08 13:28:55,326,at-at,empire,9,2,9,10,Muunilinst
2024-10-08 13:28:54,327,at-at,resistance,8,3,7,4,Bestine IV
2024-10-08 13:28:53,328,tie_silencer,empire,3,6,8,7,Troiken
2024-10-08 13:28:52,329,x-wing,resistance,7,8,8,7,Dathomir
2024-10-08 13:28:51,330,tie_silencer,empire,1,6,5,4,Concord Dawn
2024-10-08 13:28:50,331,tie_silencer,empire,1,3,3,8,Kalee
2024-10-08 13:28:49,332,at-at,empire,1,9,3,9,Champala
2024-10-08 13:28:48,333,unknown,resistance,9,5,4,3,Dagobah
2024-10-08 13:28:47,334,x-wing,empire,4,1,3,4,Bestine IV
2024-10-08 13:28:46,335,at-at,resistance,6,7,6,3,Glee Anselm
2024-10-08 13:28:45,336,at-at,resistance,10,7,5,6,Shili
2024-10-08 13:28:44,337,stormtrooper,empire,7,1,9,7,Dorin
2024-10-08 13:28:43,338,resistance_soldier,resistance,8,9,7,1,Alderaan
2024-10-08 13:28:42,339,tie_silencer,empire,3,9,8,10,Tund
2024-10-08 13:28:41,340,x-wing,empire,10,7,6,5,Shili
2024-10-08 13:28:40,341,at-at,resistance,5,8,9,9,Malastare
2024-10-08 13:28:39,342,stormtrooper,empire,9,6,10,3,Vulpter
2024-10-08 13:28:38,343,unknown,empire,5,7,2,9,Muunilinst
2024-10-08 13:28:37,344,at-st,empire,5,1,2,1,Toydaria
2024-10-08 13:28:36,345,tie_fighter,resistance,9,3,8,7,Alderaan
2024-10-08 13:28:35,346,tie_silencer,empire,10,8,5,9,Malastare
2024-10-08 13:28:34,347,stormtrooper,empire,9,8,4,1,Iktotch
2024-10-08 13:28:33,348,x-wing,empire,6,6,8,5,Troiken
2024-10-08 13:28:32,349,at-st,resistance,3,6,5,10,Mon Cala
2024-10-08 13:28:31,350,tie_silencer,empire,5,9,6,6,Aleen Minor
2024-10-08 13:28:30,351,tie_fighter,empire,7,4,9,10,Haruun Kal
2024-10-08 13:28:29,352,tie_silencer,resistance,9,8,4,4,Kalee
2024-10-08 13:28:28,353,resistance_soldier,resistance,8,1,8,4,Eriadu
2024-10-08 13:28:27,354,tie_silencer,empire,7,2,1,1,Toydaria
2024-10-08 13:28:26,355,at-at,empire,5,2,5,8,Muunilinst
2024-10-08 13:28:25,356,at-at,resistance,9,5,1,2,Chandrila
2024-10-08 13:28:24,357,unknown,resistance,1,9,10,4,Champala
2024-10-08 13:28:23,358,unknown,empire,7,3,2,8,Serenno
2024-10-08 13:28:22,359,at-at,empire,1,4,3,7,Concord Dawn
2024-10-08 13:28:21,360,unknown,resistance,8,3,6,2,Socorro
2024-10-08 13:28:20,361,tie_silencer,empire,9,5,3,5,Kashyyyk
2024-10-08 13:28:19,362,at-st,resistance,8,7,9,7,Dorin
2024-10-08 13:28:18,363,resistance_soldier,resistance,5,3,4,10,Cerea
2024-10-08 13:28:17,364,stormtrooper,empire,1,4,1,4,Malastare
2024-10-08 13:28:16,365,at-st,empire,2,10,1,1,Serenno
2024-10-08 13:28:15,366,resistance_soldier,resistance,1,9,6,8,Haruun Kal
2024-10-08 13:28:14,367,at-st,empire,7,3,8,3,Tund
2024-10-08 13:28:13,368,at-st,empire,3,7,9,6,Skako
2024-10-08 13:28:12,369,unknown,empire,8,9,10,9,Quermia
2024-10-08 13:28:11,370,unknown,empire,6,4,5,9,Vulpter
2024-10-08 13:28:10,371,at-at,resistance,8,4,7,8,Ryloth
2024-10-08 13:28:09,372,tie_silencer,resistance,4,9,9,10,Alderaan
2024-10-08 13:28:08,373,stormtrooper,resistance,4,7,3,4,Vulpter
2024-10-08 13:28:07,374,at-at,empire,9,4,6,5,Stewjon
2024-10-08 13:28:06,375,resistance_soldier,resistance,4,3,10,6,Vulpter
2024-10-08 13:28:05,376,stormtrooper,empire,2,5,10,4,Mirial
2024-10-08 13:28:04,377,x-wing,empire,6,10,9,6,Cerea
2024-10-08 13:28:03,378,at-st,resistance,4,6,4,5,Troiken
2024-10-08 13:28:02,379,unknown,empire,2,4,2,10,Umbara
2024-10-08 13:28:01,380,x-wing,empire,10,8,2,10,Tund
2024-10-08 13:28:00,381,tie_silencer,resistance,9,5,1,9,Chandrila
2024-10-08 13:27:59,382,tie_fighter,empire,1,8,9,7,Tatooine
2024-10-08 13:27:58,383,tie_fighter,resistance,3,4,9,5,Naboo
2024-10-08 13:27:57,384,stormtrooper,resistance,1,10,6,8,Iktotch
2024-10-08 13:27:56,385,at-at,resistance,2,8,1,8,Quermia
2024-10-08 13:27:55,386,unknown,empire,9,7,4,9,Dorin
2024-10-08 13:27:54,387,tie_fighter,resistance,4,4,4,1,Sullust
2024-10-08 13:27:53,388,at-st,empire,8,9,8,2,Tund
2024-10-08 13:27:52,389,at-st,resistance,6,1,9,6,Alderaan
2024-10-08 13:27:51,390,unknown,resistance,4,2,2,8,Iktotch
2024-10-08 13:27:50,391,x-wing,empire,10,7,1,8,Tatooine
2024-10-08 13:27:49,392,unknown,resistance,2,3,3,8,Bestine IV
2024-10-08 13:27:48,393,at-st,resistance,6,5,1,8,Sullust
2024-10-08 13:27:47,394,at-st,resistance,2,8,8,6,Shili
2024-10-08 13:27:46,395,stormtrooper,resistance,9,7,1,6,Iridonia
2024-10-08 13:27:45,396,tie_fighter,resistance,3,6,8,9,Alderaan
2024-10-08 13:27:44,397,unknown,resistance,5,9,7,10,Dathomir
2024-10-08 13:27:43,398,at-st,resistance,8,8,9,1,Iridonia
2024-10-08 13:27:42,399,at-at,empire,7,4,5,5,Naboo
2024-10-08 13:27:41,400,at-at,empire,1,4,9,2,Trandosha
2024-10-08 13:27:40,401,tie_silencer,resistance,4,3,7,1,Umbara
2024-10-08 13:27:39,402,unknown,resistance,6,6,10,7,Dorin
2024-10-08 13:27:38,403,tie_fighter,resistance,10,5,4,6,Trandosha
2024-10-08 13:27:37,404,stormtrooper,empire,9,5,10,6,Chandrila
2024-10-08 13:27:36,405,at-at,empire,10,7,4,5,Dorin
2024-10-08 13:27:35,406,stormtrooper,resistance,2,5,4,8,Umbara
2024-10-08 13:27:34,407,unknown,empire,7,1,6,9,Shili
2024-10-08 13:27:33,408,tie_fighter,resistance,4,2,1,3,Haruun Kal
2024-10-08 13:27:32,409,tie_fighter,resistance,8,5,1,9,Iridonia
2024-10-08 13:27:31,410,tie_fighter,empire,8,10,9,1,Skako
2024-10-08 13:27:30,411,unknown,empire,8,2,9,5,Kalee
2024-10-08 13:27:29,412,at-st,resistance,1,3,5,7,Naboo
2024-10-08 13:27:28,413,unknown,empire,7,7,5,7,Skako
2024-10-08 13:27:27,414,at-st,empire,8,5,4,3,Vulpter
2024-10-08 13:27:26,415,at-st,resistance,6,9,8,6,Eriadu
2024-10-08 13:27:25,416,unknown,resistance,7,3,5,9,Champala
2024-10-08 13:27:24,417,resistance_soldier,resistance,5,5,3,3,Iridonia
2024-10-08 13:27:23,418,stormtrooper,resistance,2,3,10,2,Naboo
2024-10-08 13:27:22,419,at-at,resistance,1,7,6,9,Ojom
2024-10-08 13:27:21,420,stormtrooper,resistance,8,3,4,7,Glee Anselm
2024-10-08 13:27:20,421,tie_fighter,empire,8,3,7,7,Trandosha
2024-10-08 13:27:19,422,at-at,resistance,10,6,4,2,Ryloth
2024-10-08 13:27:18,423,stormtrooper,empire,8,5,10,3,Champala
2024-10-08 13:27:17,424,unknown,empire,8,8,3,1,Skako
2024-10-08 13:27:16,425,tie_silencer,resistance,7,3,1,4,Sullust
2024-10-08 13:27:15,426,tie_silencer,empire,1,2,3,5,Stewjon
2024-10-08 13:27:14,427,unknown,resistance,4,3,3,1,Glee Anselm
2024-10-08 13:27:13,428,x-wing,resistance,9,9,9,5,Quermia
2024-10-08 13:27:12,429,resistance_soldier,resistance,10,8,10,1,Tholoth
2024-10-08 13:27:11,430,tie_fighter,empire,5,4,3,8,Corellia
2024-10-08 13:27:10,431,tie_fighter,empire,2,10,2,8,Serenno
2024-10-08 13:27:09,432,at-at,empire,5,10,10,7,Rodia
2024-10-08 13:27:08,433,tie_fighter,empire,8,6,1,7,Kalee
2024-10-08 13:27:07,434,tie_fighter,empire,3,5,4,1,Skako
2024-10-08 13:27:06,435,resistance_soldier,resistance,3,6,7,5,Sullust
2024-10-08 13:27:05,436,at-st,resistance,3,4,7,6,Kashyyyk
2024-10-08 13:27:04,437,tie_silencer,resistance,1,2,8,3,Chandrila
2024-10-08 13:27:03,438,stormtrooper,resistance,7,3,5,9,Sullust
2024-10-08 13:27:02,439,resistance_soldier,empire,4,7,2,2,Aleen Minor
2024-10-08 13:27:01,440,tie_silencer,resistance,9,4,3,7,Quermia
2024-10-08 13:27:00,441,stormtrooper,empire,9,2,9,1,Muunilinst
2024-10-08 13:26:59,442,at-st,empire,2,8,8,5,Rodia
2024-10-08 13:26:58,443,stormtrooper,empire,9,6,8,4,Bestine IV
2024-10-08 13:26:57,444,tie_silencer,empire,3,7,3,9,Ryloth
2024-10-08 13:26:56,445,at-st,resistance,3,4,8,10,Skako
2024-10-08 13:26:55,446,resistance_soldier,empire,4,4,7,9,Tholoth
2024-10-08 13:26:54,447,resistance_soldier,empire,2,1,4,5,Malastare
2024-10-08 13:26:53,448,at-at,resistance,8,2,9,3,Dagobah
2024-10-08 13:26:52,449,x-wing,resistance,10,8,4,8,Alderaan
2024-10-08 13:26:51,450,tie_fighter,empire,6,2,2,7,Zolan
2024-10-08 13:26:50,451,at-at,resistance,9,7,9,8,Ryloth
2024-10-08 13:26:49,452,stormtrooper,resistance,10,6,2,2,Naboo
2024-10-08 13:26:48,453,stormtrooper,empire,2,9,7,8,Cerea
2024-10-08 13:26:47,454,unknown,empire,9,6,3,6,Mirial
2024-10-08 13:26:46,455,at-at,empire,7,10,7,1,Ojom
2024-10-08 13:26:45,456,at-st,resistance,6,5,10,10,Iridonia
2024-10-08 13:26:44,457,resistance_soldier,empire,10,9,6,9,Ryloth
2024-10-08 13:26:43,458,tie_silencer,empire,6,3,3,3,Quermia
2024-10-08 13:26:42,459,tie_fighter,empire,5,7,6,8,Mirial
2024-10-08 13:26:41,460,tie_fighter,resistance,9,5,5,8,Shili
2024-10-08 13:26:40,461,tie_silencer,resistance,1,1,6,6,Glee Anselm
2024-10-08 13:26:39,462,unknown,empire,2,6,1,2,Dorin
2024-10-08 13:26:38,463,tie_silencer,resistance,8,10,8,9,Alderaan
2024-10-08 13:26:37,464,stormtrooper,empire,3,6,7,4,Trandosha
2024-10-08 13:26:36,465,stormtrooper,resistance,1,10,3,5,Malastare
2024-10-08 13:26:35,466,stormtrooper,resistance,8,8,3,2,Malastare
2024-10-08 13:26:34,467,tie_silencer,empire,8,5,8,5,Concord Dawn
2024-10-08 13:26:33,468,resistance_soldier,empire,2,1,1,1,Dagobah
2024-10-08 13:26:32,469,x-wing,resistance,8,5,3,2,Ryloth
2024-10-08 13:26:31,470,x-wing,empire,1,3,7,4,Muunilinst
2024-10-08 13:26:30,471,tie_fighter,empire,3,4,2,3,Quermia
2024-10-08 13:26:29,472,unknown,resistance,2,8,2,2,Socorro
2024-10-08 13:26:28,473,stormtrooper,empire,5,7,7,3,Naboo
2024-10-08 13:26:27,474,at-at,resistance,1,9,8,5,Tatooine
2024-10-08 13:26:26,475,unknown,resistance,9,8,7,8,Glee Anselm
2024-10-08 13:26:25,476,resistance_soldier,resistance,3,7,3,4,Haruun Kal
2024-10-08 13:26:24,477,tie_silencer,empire,1,10,3,6,Eriadu
2024-10-08 13:26:23,478,at-st,resistance,3,7,3,7,Dathomir
2024-10-08 13:26:22,479,tie_fighter,empire,8,8,2,8,Kalee
2024-10-08 13:26:21,480,resistance_soldier,resistance,4,10,9,8,Troiken
2024-10-08 13:26:20,481,tie_fighter,resistance,6,7,10,7,Kalee
2024-10-08 13:26:19,482,at-at,empire,8,7,3,1,Trandosha
2024-10-08 13:26:18,483,tie_silencer,empire,4,2,9,6,Concord Dawn
2024-10-08 13:26:17,484,tie_silencer,resistance,1,10,1,4,Troiken
2024-10-08 13:26:16,485,tie_fighter,empire,1,5,4,2,Muunilinst
2024-10-08 13:26:15,486,tie_silencer,resistance,5,10,6,2,Ryloth
2024-10-08 13:26:14,487,x-wing,empire,7,5,6,6,Vulpter
2024-10-08 13:26:13,488,at-at,empire,9,7,3,4,Rodia
2024-10-08 13:26:12,489,tie_fighter,empire,3,8,6,6,Tund
2024-10-08 13:26:11,490,unknown,resistance,8,5,10,4,Rodia
2024-10-08 13:26:10,491,stormtrooper,resistance,5,10,6,10,Bestine IV
2024-10-08 13:26:09,492,at-at,resistance,7,3,8,6,Sullust
2024-10-08 13:26:08,493,resistance_soldier,resistance,10,8,5,4,Iridonia
2024-10-08 13:26:07,494,stormtrooper,empire,10,7,4,7,Ojom
2024-10-08 13:26:06,495,x-wing,empire,7,6,5,9,Serenno
2024-10-08 13:26:05,496,tie_fighter,empire,5,9,9,10,Dagobah
2024-10-08 13:26:04,497,tie_silencer,resistance,2,9,5,8,Ryloth
2024-10-08 13:26:03,498,x-wing,empire,3,9,1,1,Muunilinst
2024-10-08 13:26:02,499,resistance_soldier,resistance,8,6,6,10,Dorin
2024-10-08 13:26:01,500,unknown,empire,3,9,6,5,Concord Dawn
2024-10-08 13:26:00,501,x-wing,resistance,3,10,7,2,Mon Cala
2024-10-08 13:25:59,502,tie_fighter,resistance,1,1,4,1,Alderaan
2024-10-08 13:25:58,503,tie_fighter,empire,6,10,7,10,Bestine IV
2024-10-08 13:25:57,504,tie_silencer,empire,7,5,2,5,Dagobah
2024-10-08 13:25:56,505,x-wing,empire,7,9,2,2,Zolan
2024-10-08 13:25:55,506,stormtrooper,resistance,4,8,1,7,Concord Dawn
2024-10-08 13:25:54,507,resistance_soldier,empire,6,4,2,7,Dorin
2024-10-08 13:25:53,508,resistance_soldier,resistance,3,2,6,3,Ojom
2024-10-08 13:25:52,509,at-st,empire,4,4,6,4,Tatooine
2024-10-08 13:25:51,510,at-st,empire,3,8,9,6,Umbara
2024-10-08 13:25:50,511,stormtrooper,resistance,7,5,1,9,Aleen Minor
2024-10-08 13:25:49,512,tie_silencer,empire,4,5,3,9,Stewjon
2024-10-08 13:25:48,513,unknown,resistance,6,1,1,8,Dorin
2024-10-08 13:25:47,514,at-at,resistance,2,4,8,4,Ryloth
2024-10-08 13:25:46,515,tie_fighter,resistance,2,10,8,10,Iridonia
2024-10-08 13:25:45,516,tie_fighter,resistance,4,2,9,4,Iridonia
2024-10-08 13:25:44,517,resistance_soldier,empire,8,1,4,7,Tholoth
2024-10-08 13:25:43,518,resistance_soldier,empire,10,9,10,6,Ojom
2024-10-08 13:25:42,519,tie_fighter,resistance,8,2,1,6,Iridonia
2024-10-08 13:25:41,520,x-wing,empire,3,8,4,2,Stewjon
2024-10-08 13:25:40,521,x-wing,resistance,8,4,7,2,Haruun Kal
2024-10-08 13:25:39,522,resistance_soldier,empire,6,7,10,8,Serenno
2024-10-08 13:25:38,523,x-wing,resistance,6,1,5,5,Tatooine
2024-10-08 13:25:37,524,x-wing,resistance,7,5,5,9,Ojom
2024-10-08 13:25:36,525,at-at,resistance,9,8,7,10,Naboo
2024-10-08 13:25:35,526,resistance_soldier,empire,8,3,7,5,Trandosha
2024-10-08 13:25:34,527,resistance_soldier,empire,2,7,9,9,Serenno
2024-10-08 13:25:33,528,tie_silencer,resistance,4,10,5,2,Kalee
2024-10-08 13:25:32,529,unknown,resistance,10,8,4,1,Haruun Kal
2024-10-08 13:25:31,530,at-st,resistance,5,6,9,10,Socorro
2024-10-08 13:25:30,531,unknown,resistance,8,1,4,6,Mon Cala
2024-10-08 13:25:29,532,resistance_soldier,resistance,7,9,9,6,Umbara
2024-10-08 13:25:28,533,resistance_soldier,empire,10,7,3,1,Tund
2024-10-08 13:25:27,534,unknown,resistance,10,10,6,3,Troiken
2024-10-08 13:25:26,535,x-wing,resistance,9,4,6,4,Zolan
2024-10-08 13:25:25,536,tie_fighter,empire,4,2,2,3,Cerea
2024-10-08 13:25:24,537,tie_silencer,resistance,6,9,2,7,Kashyyyk
2024-10-08 13:25:23,538,tie_silencer,resistance,2,7,7,10,Mon Cala
2024-10-08 13:25:22,539,at-at,empire,5,4,8,10,Toydaria
2024-10-08 13:25:21,540,resistance_soldier,empire,6,1,8,10,Kalee
2024-10-08 13:25:20,541,at-st,empire,2,10,6,5,Toydaria
2024-10-08 13:25:19,542,at-st,resistance,3,8,8,5,Iridonia
2024-10-08 13:25:18,543,x-wing,empire,5,1,5,5,Dorin
2024-10-08 13:25:17,544,unknown,resistance,1,3,4,7,Mirial
2024-10-08 13:25:16,545,unknown,resistance,3,3,6,3,Quermia
2024-10-08 13:25:15,546,at-st,resistance,8,9,5,3,Shili
2024-10-08 13:25:14,547,unknown,empire,4,3,2,9,Toydaria
2024-10-08 13:25:13,548,unknown,resistance,5,7,5,7,Mon Cala
2024-10-08 13:25:12,549,tie_silencer,resistance,5,3,8,2,Concord Dawn
2024-10-08 13:25:11,550,tie_silencer,empire,7,7,8,8,Haruun Kal
2024-10-08 13:25:10,551,tie_fighter,resistance,4,3,2,7,Skako
2024-10-08 13:25:09,552,tie_fighter,empire,8,10,6,6,Toydaria
2024-10-08 13:25:08,553,resistance_soldier,empire,6,5,1,9,Shili
2024-10-08 13:25:07,554,resistance_soldier,empire,4,5,2,9,Concord Dawn
2024-10-08 13:25:06,555,at-st,empire,4,2,9,6,Corellia
2024-10-08 13:25:05,556,tie_silencer,empire,10,7,3,2,Champala
2024-10-08 13:25:04,557,stormtrooper,resistance,1,7,10,5,Dathomir
2024-10-08 13:25:03,558,tie_silencer,empire,10,4,4,7,Vulpter
2024-10-08 13:25:02,559,tie_fighter,resistance,4,7,4,6,Iktotch
2024-10-08 13:25:01,560,at-st,empire,3,2,7,9,Zolan
2024-10-08 13:25:00,561,tie_silencer,resistance,3,1,4,5,Sullust
2024-10-08 13:24:59,562,at-at,resistance,7,7,10,8,Alderaan
2024-10-08 13:24:58,563,resistance_soldier,empire,4,4,9,4,Malastare
2024-10-08 13:24:57,564,stormtrooper,resistance,7,2,4,5,Ojom
2024-10-08 13:24:56,565,resistance_soldier,resistance,4,3,4,2,Chandrila
2024-10-08 13:24:55,566,stormtrooper,empire,3,3,3,1,Skako
2024-10-08 13:24:54,567,x-wing,resistance,5,7,4,4,Socorro
2024-10-08 13:24:53,568,stormtrooper,resistance,7,10,4,4,Alderaan
2024-10-08 13:24:52,569,at-st,empire,2,5,8,4,Vulpter
2024-10-08 13:24:51,570,x-wing,resistance,3,9,4,6,Kashyyyk
2024-10-08 13:24:50,571,x-wing,resistance,9,1,9,8,Chandrila
2024-10-08 13:24:49,572,unknown,resistance,5,9,7,3,Socorro
2024-10-08 13:24:48,573,resistance_soldier,resistance,9,7,10,2,Rodia
2024-10-08 13:24:47,574,at-st,empire,5,6,1,9,Concord Dawn
2024-10-08 13:24:46,575,unknown,empire,9,7,1,8,Umbara
2024-10-08 13:24:45,576,stormtrooper,empire,3,7,5,8,Corellia
2024-10-08 13:24:44,577,tie_fighter,resistance,4,6,7,7,Iktotch
2024-10-08 13:24:43,578,resistance_soldier,resistance,8,9,7,2,Dorin
2024-10-08 13:24:42,579,resistance_soldier,empire,5,9,3,10,Malastare
2024-10-08 13:24:41,580,x-wing,empire,7,8,7,2,Skako
2024-10-08 13:24:40,581,unknown,resistance,9,9,9,6,Tatooine
2024-10-08 13:24:39,582,resistance_soldier,empire,2,4,6,6,Shili
2024-10-08 13:24:38,583,resistance_soldier,resistance,3,7,10,3,Socorro
2024-10-08 13:24:37,584,x-wing,resistance,4,10,6,1,Dagobah
2024-10-08 13:24:36,585,at-at,empire,9,5,4,1,Glee Anselm
2024-10-08 13:24:35,586,tie_silencer,empire,7,4,9,10,Skako
2024-10-08 13:24:34,587,at-st,resistance,2,7,10,7,Skako
2024-10-08 13:24:33,588,x-wing,empire,7,4,10,8,Toydaria
2024-10-08 13:24:32,589,stormtrooper,empire,4,3,7,5,Tholoth
2024-10-08 13:24:31,590,resistance_soldier,resistance,6,2,10,6,Vulpter
2024-10-08 13:24:30,591,unknown,resistance,3,4,10,5,Aleen Minor
2024-10-08 13:24:29,592,stormtrooper,resistance,3,3,4,10,Kalee
2024-10-08 13:24:28,593,at-at,empire,2,3,9,3,Dathomir
2024-10-08 13:24:27,594,unknown,empire,4,2,2,6,Stewjon
2024-10-08 13:24:26,595,resistance_soldier,empire,1,8,6,6,Ryloth
2024-10-08 13:24:25,596,stormtrooper,resistance,5,2,10,7,Naboo
2024-10-08 13:24:24,597,x-wing,resistance,2,7,3,4,Rodia
2024-10-08 13:24:23,598,at-st,empire,2,8,2,2,Dagobah
2024-10-08 13:24:22,599,unknown,resistance,7,3,7,9,Kashyyyk
2024-10-08 13:24:21,600,at-st,empire,9,4,2,5,Serenno
2024-10-08 13:24:20,601,tie_silencer,resistance,10,9,9,4,Tatooine
2024-10-08 13:24:19,602,tie_silencer,resistance,9,5,6,2,Cerea
2024-10-08 13:24:18,603,at-at,resistance,2,2,4,1,Rodia
2024-10-08 13:24:17,604,tie_silencer,empire,2,4,3,4,Mirial
2024-10-08 13:24:16,605,at-at,resistance,2,9,3,1,Dorin
2024-10-08 13:24:15,606,unknown,resistance,10,7,6,4,Naboo
2024-10-08 13:24:14,607,tie_fighter,empire,10,10,3,3,Muunilinst
2024-10-08 13:24:13,608,tie_fighter,empire,6,5,4,2,Toydaria
2024-10-08 13:24:12,609,stormtrooper,empire,5,4,2,4,Sullust
2024-10-08 13:24:11,610,resistance_soldier,empire,5,6,10,10,Skako
2024-10-08 13:24:10,611,stormtrooper,empire,7,3,4,6,Chandrila
2024-10-08 13:24:09,612,unknown,resistance,4,7,2,6,Mirial
2024-10-08 13:24:08,613,unknown,resistance,6,4,10,10,Cerea
2024-10-08 13:24:07,614,unknown,empire,1,7,6,7,Concord Dawn
2024-10-08 13:24:06,615,at-at,empire,5,8,4,7,Dorin
2024-10-08 13:24:05,616,x-wing,empire,6,3,10,2,Tholoth
2024-10-08 13:24:04,617,tie_fighter,resistance,1,4,6,3,Tholoth
2024-10-08 13:24:03,618,stormtrooper,empire,5,4,3,7,Bestine IV
2024-10-08 13:24:02,619,unknown,resistance,9,10,8,4,Cerea
2024-10-08 13:24:01,620,unknown,empire,10,8,3,5,Troiken
2024-10-08 13:24:00,621,unknown,resistance,6,4,3,7,Sullust
2024-10-08 13:23:59,622,x-wing,resistance,5,3,3,6,Naboo
2024-10-08 13:23:58,623,stormtrooper,empire,9,2,6,10,Stewjon
2024-10-08 13:23:57,624,at-at,resistance,6,10,4,2,Quermia
2024-10-08 13:23:56,625,tie_fighter,empire,3,6,8,8,Dagobah
2024-10-08 13:23:55,626,x-wing,resistance,4,8,9,1,Skako
2024-10-08 13:23:54,627,tie_silencer,resistance,1,9,10,5,Alderaan
2024-10-08 13:23:53,628,tie_fighter,empire,2,9,7,7,Chandrila
2024-10-08 13:23:52,629,unknown,empire,7,6,9,9,Corellia
2024-10-08 13:23:51,630,tie_silencer,resistance,7,10,2,4,Tholoth
2024-10-08 13:23:50,631,at-st,resistance,6,4,3,7,Vulpter
2024-10-08 13:23:49,632,unknown,empire,3,3,3,1,Stewjon
2024-10-08 13:23:48,633,resistance_soldier,empire,6,9,9,5,Skako
2024-10-08 13:23:47,634,at-at,resistance,3,9,4,3,Alderaan
2024-10-08 13:23:46,635,x-wing,resistance,10,6,4,8,Zolan
2024-10-08 13:23:45,636,at-at,resistance,7,5,8,4,Kashyyyk
2024-10-08 13:23:44,637,stormtrooper,empire,10,9,1,4,Muunilinst
2024-10-08 13:23:43,638,stormtrooper,resistance,6,6,6,3,Kashyyyk
2024-10-08 13:23:42,639,tie_fighter,empire,4,9,9,4,Toydaria
2024-10-08 13:23:41,640,resistance_soldier,resistance,2,6,4,9,Shili
2024-10-08 13:23:40,641,tie_silencer,empire,8,3,9,6,Iridonia
2024-10-08 13:23:39,642,at-st,resistance,4,2,4,5,Naboo
2024-10-08 13:23:38,643,at-st,resistance,5,1,6,2,Ryloth
2024-10-08 13:23:37,644,stormtrooper,empire,7,1,1,8,Tholoth
2024-10-08 13:23:36,645,stormtrooper,resistance,8,10,4,10,Glee Anselm
2024-10-08 13:23:35,646,resistance_soldier,empire,1,5,7,2,Toydaria
2024-10-08 13:23:34,647,tie_silencer,resistance,5,4,9,4,Aleen Minor
2024-10-08 13:23:33,648,x-wing,resistance,6,3,3,3,Champala
2024-10-08 13:23:32,649,unknown,empire,2,9,2,9,Champala
2024-10-08 13:23:31,650,resistance_soldier,resistance,3,3,9,1,Aleen Minor
2024-10-08 13:23:30,651,at-at,resistance,7,2,1,7,Dathomir
2024-10-08 13:23:29,652,x-wing,resistance,2,3,5,2,Kashyyyk
2024-10-08 13:23:28,653,x-wing,resistance,7,8,7,5,Tund
2024-10-08 13:23:27,654,at-at,empire,6,9,8,7,Tatooine
2024-10-08 13:23:26,655,unknown,resistance,7,3,4,10,Chandrila
2024-10-08 13:23:25,656,at-at,resistance,4,7,3,8,Mirial
2024-10-08 13:23:24,657,at-st,empire,1,8,9,8,Concord Dawn
2024-10-08 13:23:23,658,stormtrooper,resistance,7,5,5,3,Dagobah
2024-10-08 13:23:22,659,unknown,empire,1,5,10,2,Dagobah
2024-10-08 13:23:21,660,at-at,resistance,6,1,9,10,Haruun Kal
2024-10-08 13:23:20,661,at-st,empire,2,9,4,4,Aleen Minor
2024-10-08 13:23:19,662,stormtrooper,empire,8,2,4,3,Toydaria
2024-10-08 13:23:18,663,resistance_soldier,resistance,5,1,8,7,Champala
2024-10-08 13:23:17,664,at-at,empire,2,7,8,1,Serenno
2024-10-08 13:23:16,665,resistance_soldier,resistance,5,4,10,7,Toydaria
2024-10-08 13:23:15,666,tie_fighter,resistance,10,1,8,5,Aleen Minor
2024-10-08 13:23:14,667,x-wing,resistance,5,7,6,6,Umbara
2024-10-08 13:23:13,668,x-wing,empire,1,9,5,4,Concord Dawn
2024-10-08 13:23:12,669,x-wing,resistance,1,9,7,3,Kashyyyk
2024-10-08 13:23:11,670,x-wing,empire,4,5,4,3,Rodia
2024-10-08 13:23:10,671,stormtrooper,empire,9,10,1,8,Concord Dawn
2024-10-08 13:23:09,672,at-st,resistance,3,3,9,9,Ryloth
2024-10-08 13:23:08,673,resistance_soldier,resistance,2,10,5,9,Zolan
2024-10-08 13:23:07,674,x-wing,resistance,3,1,3,5,Sullust
2024-10-08 13:23:06,675,x-wing,resistance,2,6,8,7,Alderaan
2024-10-08 13:23:05,676,tie_silencer,empire,1,6,10,6,Malastare
2024-10-08 13:23:04,677,stormtrooper,resistance,10,10,5,3,Iridonia
2024-10-08 13:23:03,678,at-at,empire,8,2,9,8,Bestine IV
2024-10-08 13:23:02,679,at-st,empire,4,4,6,2,Stewjon
2024-10-08 13:23:01,680,tie_fighter,resistance,6,8,2,7,Vulpter
2024-10-08 13:23:00,681,unknown,empire,1,9,8,3,Mirial
2024-10-08 13:22:59,682,resistance_soldier,empire,9,5,1,10,Ojom
2024-10-08 13:22:58,683,unknown,empire,8,7,1,8,Eriadu
2024-10-08 13:22:57,684,at-st,resistance,5,5,9,6,Alderaan
2024-10-08 13:22:56,685,x-wing,resistance,8,10,7,6,Kashyyyk
2024-10-08 13:22:55,686,at-st,resistance,1,4,3,2,Toydaria
2024-10-08 13:22:54,687,x-wing,empire,8,3,9,4,Haruun Kal
2024-10-08 13:22:53,688,stormtrooper,empire,2,6,6,1,Dagobah
2024-10-08 13:22:52,689,unknown,resistance,4,8,9,5,Troiken
2024-10-08 13:22:51,690,stormtrooper,resistance,2,5,4,6,Alderaan
2024-10-08 13:22:50,691,resistance_soldier,empire,5,3,2,5,Bestine IV
2024-10-08 13:22:49,692,tie_silencer,resistance,8,7,4,9,Shili
2024-10-08 13:22:48,693,resistance_soldier,resistance,5,10,1,9,Champala
2024-10-08 13:22:47,694,tie_silencer,resistance,7,5,2,10,Zolan
2024-10-08 13:22:46,695,resistance_soldier,resistance,6,8,9,3,Trandosha
2024-10-08 13:22:45,696,at-at,resistance,10,4,1,5,Iktotch
2024-10-08 13:22:44,697,stormtrooper,resistance,1,5,7,5,Dagobah
2024-10-08 13:22:43,698,at-st,empire,5,4,7,2,Stewjon
2024-10-08 13:22:42,699,at-st,empire,2,6,5,1,Kalee
2024-10-08 13:22:41,700,at-at,empire,6,8,6,7,Champala
2024-10-08 13:22:40,701,resistance_soldier,resistance,2,1,2,6,Aleen Minor
2024-10-08 13:22:39,702,stormtrooper,resistance,2,7,10,6,Ryloth
2024-10-08 13:22:38,703,at-st,resistance,6,7,6,6,Chandrila
2024-10-08 13:22:37,704,at-st,empire,1,1,1,3,Malastare
2024-10-08 13:22:36,705,tie_silencer,resistance,8,2,3,8,Troiken
2024-10-08 13:22:35,706,resistance_soldier,resistance,8,3,8,6,Zolan
2024-10-08 13:22:34,707,x-wing,empire,5,6,3,2,Mirial
2024-10-08 13:22:33,708,tie_fighter,resistance,6,1,9,2,Glee Anselm
2024-10-08 13:22:32,709,at-at,empire,6,3,3,10,Corellia
2024-10-08 13:22:31,710,resistance_soldier,resistance,7,1,2,5,Dathomir
2024-10-08 13:22:30,711,tie_fighter,empire,1,8,6,7,Bestine IV
2024-10-08 13:22:29,712,tie_fighter,resistance,2,9,10,8,Haruun Kal
2024-10-08 13:22:28,713,unknown,resistance,6,2,1,9,Tund
2024-10-08 13:22:27,714,resistance_soldier,resistance,5,2,10,9,Malastare
2024-10-08 13:22:26,715,resistance_soldier,empire,8,2,7,9,Muunilinst
2024-10-08 13:22:25,716,x-wing,resistance,7,7,10,5,Vulpter
2024-10-08 13:22:24,717,unknown,empire,7,9,8,6,Muunilinst
2024-10-08 13:22:23,718,tie_silencer,empire,4,4,10,6,Trandosha
2024-10-08 13:22:22,719,tie_silencer,empire,9,2,10,1,Toydaria
2024-10-08 13:22:21,720,at-st,empire,3,10,10,4,Iridonia
2024-10-08 13:22:20,721,resistance_soldier,empire,4,7,5,6,Dorin
2024-10-08 13:22:19,722,x-wing,empire,2,1,9,1,Iktotch
2024-10-08 13:22:18,723,tie_fighter,resistance,7,9,10,8,Naboo
2024-10-08 13:22:17,724,stormtrooper,resistance,6,6,7,10,Sullust
2024-10-08 13:22:16,725,x-wing,empire,4,2,1,4,Dathomir
2024-10-08 13:22:15,726,x-wing,resistance,10,6,7,4,Shili
2024-10-08 13:22:14,727,at-at,resistance,8,6,2,5,Ryloth
2024-10-08 13:22:13,728,at-at,empire,7,4,4,5,Haruun Kal
2024-10-08 13:22:12,729,tie_silencer,resistance,6,6,10,9,Rodia
2024-10-08 13:22:11,730,stormtrooper,empire,5,8,1,4,Dagobah
2024-10-08 13:22:10,731,tie_fighter,resistance,9,4,7,3,Haruun Kal
2024-10-08 13:22:09,732,unknown,empire,9,1,3,9,Tatooine
2024-10-08 13:22:08,733,at-st,empire,4,1,5,4,Zolan
2024-10-08 13:22:07,734,resistance_soldier,resistance,9,1,5,3,Chandrila
2024-10-08 13:22:06,735,x-wing,empire,10,4,7,5,Mirial
2024-10-08 13:22:05,736,x-wing,resistance,7,7,5,10,Iridonia
2024-10-08 13:22:04,737,stormtrooper,empire,8,2,9,3,Muunilinst
2024-10-08 13:22:03,738,tie_silencer,resistance,4,7,2,8,Eriadu
2024-10-08 13:22:02,739,at-at,empire,5,10,9,10,Glee Anselm
2024-10-08 13:22:01,740,at-at,empire,7,10,4,2,Tholoth
2024-10-08 13:22:00,741,tie_silencer,resistance,5,6,1,4,Haruun Kal
2024-10-08 13:21:59,742,stormtrooper,resistance,10,1,9,1,Iktotch
2024-10-08 13:21:58,743,stormtrooper,empire,5,4,9,1,Skako
2024-10-08 13:21:57,744,stormtrooper,resistance,7,6,4,4,Umbara
2024-10-08 13:21:56,745,unknown,empire,5,5,6,7,Aleen Minor
2024-10-08 13:21:55,746,unknown,resistance,8,10,7,4,Serenno
2024-10-08 13:21:54,747,unknown,resistance,7,5,5,9,Umbara
2024-10-08 13:21:53,748,stormtrooper,empire,1,6,1,9,Serenno
2024-10-08 13:21:52,749,at-at,empire,6,1,1,7,Tholoth
2024-10-08 13:21:51,750,tie_fighter,resistance,3,4,2,8,Iktotch
2024-10-08 13:21:50,751,at-st,empire,4,4,2,6,Serenno
2024-10-08 13:21:49,752,tie_fighter,empire,1,1,9,9,Tatooine
2024-10-08 13:21:48,753,tie_silencer,resistance,5,7,6,7,Dathomir
2024-10-08 13:21:47,754,x-wing,empire,4,5,2,8,Tund
2024-10-08 13:21:46,755,tie_fighter,resistance,9,6,5,9,Iktotch
2024-10-08 13:21:45,756,unknown,resistance,6,2,7,1,Sullust
2024-10-08 13:21:44,757,stormtrooper,empire,1,9,9,9,Concord Dawn
2024-10-08 13:21:43,758,resistance_soldier,empire,5,4,2,1,Tatooine
2024-10-08 13:21:42,759,tie_silencer,empire,2,8,6,5,Toydaria
2024-10-08 13:21:41,760,tie_silencer,resistance,3,10,5,6,Mon Cala
2024-10-08 13:21:40,761,tie_fighter,empire,2,6,9,10,Serenno
2024-10-08 13:21:39,762,at-st,resistance,3,1,3,6,Tatooine
2024-10-08 13:21:38,763,tie_fighter,empire,7,6,1,4,Dathomir
2024-10-08 13:21:37,764,at-at,empire,6,1,8,6,Tholoth
2024-10-08 13:21:36,765,tie_silencer,empire,8,8,6,7,Sullust
2024-10-08 13:21:35,766,unknown,empire,7,10,7,10,Tund
2024-10-08 13:21:34,767,tie_silencer,resistance,1,10,9,1,Bestine IV
2024-10-08 13:21:33,768,resistance_soldier,empire,5,4,5,9,Concord Dawn
2024-10-08 13:21:32,769,at-st,empire,3,4,1,5,Mirial
2024-10-08 13:21:31,770,unknown,empire,4,8,8,4,Naboo
2024-10-08 13:21:30,771,at-st,resistance,9,9,3,1,Socorro
2024-10-08 13:21:29,772,unknown,empire,3,8,1,2,Zolan
2024-10-08 13:21:28,773,resistance_soldier,resistance,10,2,9,9,Quermia
2024-10-08 13:21:27,774,stormtrooper,resistance,1,7,9,10,Haruun Kal
2024-10-08 13:21:26,775,resistance_soldier,resistance,2,2,6,8,Kashyyyk
2024-10-08 13:21:25,776,x-wing,resistance,7,4,8,4,Dathomir
2024-10-08 13:21:24,777,tie_silencer,resistance,9,5,10,10,Sullust
2024-10-08 13:21:23,778,tie_silencer,resistance,4,8,6,3,Concord Dawn
2024-10-08 13:21:22,779,tie_fighter,empire,2,9,6,5,Corellia
2024-10-08 13:21:21,780,stormtrooper,resistance,1,1,9,2,Ojom
2024-10-08 13:21:20,781,tie_silencer,resistance,8,7,7,6,Tholoth
2024-10-08 13:21:19,782,tie_silencer,resistance,7,2,10,6,Socorro
2024-10-08 13:21:18,783,stormtrooper,empire,1,9,8,7,Eriadu
2024-10-08 13:21:17,784,tie_fighter,resistance,10,2,8,4,Glee Anselm
2024-10-08 13:21:16,785,unknown,resistance,6,2,2,8,Socorro
2024-10-08 13:21:15,786,at-at,resistance,6,3,10,6,Malastare
2024-10-08 13:21:14,787,stormtrooper,empire,10,10,7,6,Skako
2024-10-08 13:21:13,788,unknown,empire,10,2,8,9,Quermia
2024-10-08 13:21:12,789,at-at,empire,7,9,2,2,Toydaria
2024-10-08 13:21:11,790,at-st,resistance,10,8,8,7,Shili
2024-10-08 13:21:10,791,x-wing,resistance,5,2,1,6,Quermia
2024-10-08 13:21:09,792,at-st,resistance,6,9,3,8,Shili
2024-10-08 13:21:08,793,unknown,resistance,8,7,9,5,Haruun Kal
2024-10-08 13:21:07,794,stormtrooper,resistance,4,6,9,8,Ojom
2024-10-08 13:21:06,795,unknown,empire,7,8,7,3,Vulpter
2024-10-08 13:21:05,796,tie_fighter,resistance,4,3,9,2,Zolan
2024-10-08 13:21:04,797,x-wing,empire,6,8,9,2,Trandosha
2024-10-08 13:21:03,798,tie_fighter,resistance,10,4,10,2,Aleen Minor
2024-10-08 13:21:02,799,at-at,empire,7,10,1,2,Iktotch
2024-10-08 13:21:01,800,x-wing,resistance,3,10,5,10,Kashyyyk
2024-10-08 13:21:00,801,stormtrooper,resistance,3,1,8,7,Cerea
2024-10-08 13:20:59,802,tie_silencer,resistance,6,4,8,5,Iktotch
2024-10-08 13:20:58,803,tie_fighter,resistance,1,3,6,8,Kashyyyk
2024-10-08 13:20:57,804,at-st,empire,8,2,7,4,Skako
2024-10-08 13:20:56,805,unknown,resistance,2,9,1,5,Tatooine
2024-10-08 13:20:55,806,at-st,resistance,2,9,9,2,Ryloth
2024-10-08 13:20:54,807,tie_fighter,empire,6,4,2,7,Toydaria
2024-10-08 13:20:53,808,tie_fighter,empire,2,3,10,1,Corellia
2024-10-08 13:20:52,809,at-at,resistance,3,6,5,10,Troiken
2024-10-08 13:20:51,810,x-wing,resistance,5,4,8,1,Shili
2024-10-08 13:20:50,811,unknown,resistance,3,10,8,4,Mon Cala
2024-10-08 13:20:49,812,tie_fighter,resistance,9,4,5,8,Iktotch
2024-10-08 13:20:48,813,at-at,empire,9,3,3,1,Toydaria
2024-10-08 13:20:47,814,unknown,resistance,3,8,6,5,Champala
2024-10-08 13:20:46,815,resistance_soldier,resistance,4,5,9,5,Socorro
2024-10-08 13:20:45,816,tie_fighter,empire,8,8,2,1,Aleen Minor
2024-10-08 13:20:44,817,x-wing,empire,1,5,8,8,Bestine IV
2024-10-08 13:20:43,818,unknown,empire,7,2,4,8,Dagobah
2024-10-08 13:20:42,819,stormtrooper,resistance,1,7,6,4,Kashyyyk
2024-10-08 13:20:41,820,at-st,resistance,2,3,7,7,Iridonia
2024-10-08 13:20:40,821,resistance_soldier,resistance,2,5,10,2,Toydaria
2024-10-08 13:20:39,822,at-at,resistance,5,2,6,9,Ryloth
2024-10-08 13:20:38,823,x-wing,empire,8,10,5,5,Dorin
2024-10-08 13:20:37,824,at-at,resistance,7,8,4,1,Champala
2024-10-08 13:20:36,825,at-st,empire,3,2,3,2,Malastare
2024-10-08 13:20:35,826,x-wing,resistance,1,1,5,10,Chandrila
2024-10-08 13:20:34,827,unknown,resistance,9,3,8,1,Toydaria
2024-10-08 13:20:33,828,at-at,empire,8,9,8,4,Aleen Minor
2024-10-08 13:20:32,829,tie_silencer,empire,9,7,7,7,Stewjon
2024-10-08 13:20:31,830,unknown,resistance,9,3,2,4,Shili
2024-10-08 13:20:30,831,unknown,resistance,2,1,10,9,Quermia
2024-10-08 13:20:29,832,tie_silencer,resistance,8,8,6,3,Dathomir
2024-10-08 13:20:28,833,tie_fighter,resistance,4,6,2,9,Naboo
2024-10-08 13:20:27,834,at-st,empire,4,3,6,8,Aleen Minor
2024-10-08 13:20:26,835,resistance_soldier,empire,9,7,2,1,Trandosha
2024-10-08 13:20:25,836,resistance_soldier,empire,3,1,10,1,Stewjon
2024-10-08 13:20:24,837,resistance_soldier,resistance,8,4,3,10,Tatooine
2024-10-08 13:20:23,838,tie_silencer,resistance,2,4,2,9,Ojom
2024-10-08 13:20:22,839,at-st,empire,3,5,3,6,Haruun Kal
2024-10-08 13:20:21,840,at-at,empire,4,4,7,8,Toydaria
2024-10-08 13:20:20,841,at-at,resistance,1,3,1,3,Kalee
2024-10-08 13:20:19,842,at-at,resistance,6,4,8,10,Chandrila
2024-10-08 13:20:18,843,at-st,empire,9,2,5,7,Concord Dawn
2024-10-08 13:20:17,844,unknown,empire,6,2,8,8,Mirial
2024-10-08 13:20:16,845,unknown,resistance,5,4,1,5,Bestine IV
2024-10-08 13:20:15,846,at-st,empire,5,7,5,3,Chandrila
2024-10-08 13:20:14,847,unknown,resistance,6,1,6,1,Naboo
2024-10-08 13:20:13,848,resistance_soldier,empire,3,5,1,3,Aleen Minor
2024-10-08 13:20:12,849,at-st,resistance,8,1,10,3,Ryloth
2024-10-08 13:20:11,850,resistance_soldier,resistance,1,7,3,9,Troiken
2024-10-08 13:20:10,851,unknown,resistance,4,10,6,9,Sullust
2024-10-08 13:20:09,852,at-st,empire,1,9,9,7,Tatooine
2024-10-08 13:20:08,853,tie_silencer,empire,5,7,10,7,Stewjon
2024-10-08 13:20:07,854,tie_silencer,empire,5,8,1,2,Mirial
2024-10-08 13:20:06,855,unknown,resistance,6,9,7,2,Glee Anselm
2024-10-08 13:20:05,856,tie_silencer,empire,6,5,2,5,Iridonia
2024-10-08 13:20:04,857,stormtrooper,resistance,9,8,10,5,Skako
2024-10-08 13:20:03,858,tie_silencer,resistance,9,7,4,7,Tatooine
2024-10-08 13:20:02,859,tie_silencer,empire,9,10,1,4,Stewjon
2024-10-08 13:20:01,860,stormtrooper,resistance,6,4,4,8,Iridonia
2024-10-08 13:20:00,861,tie_fighter,resistance,2,10,8,10,Glee Anselm
2024-10-08 13:19:59,862,stormtrooper,resistance,7,10,4,6,Eriadu
2024-10-08 13:19:58,863,stormtrooper,resistance,6,7,5,7,Zolan
2024-10-08 13:19:57,864,tie_silencer,resistance,9,7,7,9,Iridonia
2024-10-08 13:19:56,865,at-st,empire,7,3,7,2,Aleen Minor
2024-10-08 13:19:55,866,tie_silencer,resistance,5,3,5,2,Ryloth
2024-10-08 13:19:54,867,at-st,empire,10,3,4,5,Serenno
2024-10-08 13:19:53,868,tie_silencer,empire,9,1,1,7,Socorro
2024-10-08 13:19:52,869,stormtrooper,empire,2,2,6,5,Dagobah
2024-10-08 13:19:51,870,resistance_soldier,empire,5,2,5,8,Ojom
2024-10-08 13:19:50,871,at-st,empire,1,2,3,2,Muunilinst
2024-10-08 13:19:49,872,tie_silencer,empire,6,1,1,10,Haruun Kal
2024-10-08 13:19:48,873,tie_fighter,empire,7,4,10,3,Dathomir
2024-10-08 13:19:47,874,at-st,empire,1,10,8,3,Stewjon
2024-10-08 13:19:46,875,x-wing,resistance,9,3,10,3,Naboo
2024-10-08 13:19:45,876,at-at,resistance,4,7,4,2,Kalee
2024-10-08 13:19:44,877,resistance_soldier,resistance,3,3,3,4,Umbara
2024-10-08 13:19:43,878,tie_silencer,empire,6,5,6,7,Aleen Minor
2024-10-08 13:19:42,879,at-st,empire,4,5,8,7,Mirial
2024-10-08 13:19:41,880,unknown,empire,7,9,8,4,Haruun Kal
2024-10-08 13:19:40,881,tie_fighter,resistance,10,6,1,5,Kashyyyk
2024-10-08 13:19:39,882,x-wing,resistance,7,4,2,6,Chandrila
2024-10-08 13:19:38,883,tie_silencer,resistance,10,1,5,4,Mon Cala
2024-10-08 13:19:37,884,tie_fighter,empire,6,8,9,7,Umbara
2024-10-08 13:19:36,885,tie_silencer,resistance,9,1,6,4,Ryloth
2024-10-08 13:19:35,886,unknown,empire,6,7,3,10,Haruun Kal
2024-10-08 13:19:34,887,x-wing,resistance,1,7,7,1,Tholoth
2024-10-08 13:19:33,888,resistance_soldier,empire,1,10,8,9,Corellia
2024-10-08 13:19:32,889,at-st,empire,10,10,2,8,Tholoth
2024-10-08 13:19:31,890,tie_silencer,empire,3,2,9,5,Stewjon
2024-10-08 13:19:30,891,at-st,resistance,3,6,7,1,Iktotch
2024-10-08 13:19:29,892,resistance_soldier,resistance,4,3,1,1,Trandosha
2024-10-08 13:19:28,893,x-wing,resistance,9,6,3,6,Concord Dawn
2024-10-08 13:19:27,894,x-wing,empire,10,10,2,10,Troiken
2024-10-08 13:19:26,895,at-st,empire,3,2,4,3,Concord Dawn
2024-10-08 13:19:25,896,unknown,resistance,8,1,1,2,Dathomir
2024-10-08 13:19:24,897,at-st,resistance,10,6,8,6,Mirial
2024-10-08 13:19:23,898,at-at,empire,7,10,3,3,Corellia
2024-10-08 13:19:22,899,stormtrooper,resistance,1,2,4,1,Cerea
2024-10-08 13:19:21,900,unknown,empire,4,1,3,5,Mon Cala
2024-10-08 13:19:20,901,at-at,resistance,7,1,2,6,Troiken
2024-10-08 13:19:19,902,tie_silencer,resistance,10,2,1,7,Kashyyyk
2024-10-08 13:19:18,903,tie_silencer,empire,4,4,2,3,Concord Dawn
2024-10-08 13:19:17,904,unknown,resistance,6,4,5,9,Sullust
2024-10-08 13:19:16,905,resistance_soldier,empire,10,8,3,5,Dorin
2024-10-08 13:19:15,906,tie_silencer,resistance,9,4,9,8,Tund
2024-10-08 13:19:14,907,resistance_soldier,empire,9,3,7,1,Malastare
2024-10-08 13:19:13,908,tie_fighter,empire,3,4,3,1,Dagobah
2024-10-08 13:19:12,909,at-st,resistance,3,1,5,10,Aleen Minor
2024-10-08 13:19:11,910,resistance_soldier,resistance,2,2,6,2,Kalee
2024-10-08 13:19:10,911,stormtrooper,resistance,3,9,5,8,Zolan
2024-10-08 13:19:09,912,stormtrooper,resistance,6,10,1,1,Trandosha
2024-10-08 13:19:08,913,tie_fighter,empire,2,4,10,4,Dorin
2024-10-08 13:19:07,914,at-at,resistance,4,1,1,4,Dorin
2024-10-08 13:19:06,915,x-wing,empire,9,8,10,5,Iridonia
2024-10-08 13:19:05,916,tie_silencer,resistance,1,9,2,5,Toydaria
2024-10-08 13:19:04,917,stormtrooper,empire,6,9,6,5,Iktotch
2024-10-08 13:19:03,918,tie_silencer,resistance,6,10,5,6,Naboo
2024-10-08 13:19:02,919,tie_fighter,empire,3,5,8,6,Glee Anselm
2024-10-08 13:19:01,920,tie_fighter,resistance,1,2,4,2,Socorro
2024-10-08 13:19:00,921,tie_silencer,empire,1,8,5,8,Muunilinst
2024-10-08 13:18:59,922,at-at,empire,2,7,8,5,Shili
2024-10-08 13:18:58,923,tie_silencer,resistance,10,2,10,8,Socorro
2024-10-08 13:18:57,924,at-st,empire,3,1,5,7,Rodia
2024-10-08 13:18:56,925,unknown,resistance,7,10,1,7,Ojom
2024-10-08 13:18:55,926,stormtrooper,empire,2,1,8,7,Umbara
2024-10-08 13:18:54,927,stormtrooper,resistance,2,4,2,7,Glee Anselm
2024-10-08 13:18:53,928,x-wing,empire,8,1,8,5,Corellia
2024-10-08 13:18:52,929,at-st,resistance,5,8,8,7,Shili
2024-10-08 13:18:51,930,stormtrooper,empire,2,3,5,10,Aleen Minor
2024-10-08 13:18:50,931,at-at,resistance,1,9,7,9,Haruun Kal
2024-10-08 13:18:49,932,stormtrooper,empire,6,6,4,2,Naboo
2024-10-08 13:18:48,933,stormtrooper,empire,7,10,10,7,Dagobah
2024-10-08 13:18:47,934,resistance_soldier,empire,9,5,3,10,Muunilinst
2024-10-08 13:18:46,935,x-wing,resistance,6,4,10,4,Champala
2024-10-08 13:18:45,936,tie_fighter,resistance,4,6,8,2,Bestine IV
2024-10-08 13:18:44,937,stormtrooper,resistance,7,1,10,6,Trandosha
2024-10-08 13:18:43,938,unknown,resistance,2,4,1,9,Rodia
2024-10-08 13:18:42,939,at-at,empire,2,4,3,6,Dagobah
2024-10-08 13:18:41,940,at-at,empire,8,10,1,4,Trandosha
2024-10-08 13:18:40,941,x-wing,resistance,6,3,2,1,Dathomir
2024-10-08 13:18:39,942,unknown,empire,1,8,6,3,Kalee
2024-10-08 13:18:38,943,unknown,empire,6,5,3,9,Umbara
2024-10-08 13:18:37,944,tie_fighter,resistance,8,2,2,8,Haruun Kal
2024-10-08 13:18:36,945,at-at,resistance,6,8,7,6,Naboo
2024-10-08 13:18:35,946,tie_fighter,resistance,7,4,9,10,Rodia
2024-10-08 13:18:34,947,at-st,resistance,9,7,4,4,Dorin
2024-10-08 13:18:33,948,unknown,resistance,10,2,8,2,Tholoth
2024-10-08 13:18:32,949,stormtrooper,empire,8,3,9,7,Glee Anselm
2024-10-08 13:18:31,950,stormtrooper,empire,8,3,7,5,Muunilinst
2024-10-08 13:18:30,951,unknown,resistance,3,3,1,5,Glee Anselm
2024-10-08 13:18:29,952,tie_silencer,resistance,2,5,8,9,Naboo
2024-10-08 13:18:28,953,tie_silencer,empire,6,2,9,3,Tund
2024-10-08 13:18:27,954,tie_silencer,resistance,2,6,7,10,Bestine IV
2024-10-08 13:18:26,955,at-st,empire,10,10,9,8,Muunilinst
2024-10-08 13:18:25,956,unknown,empire,1,1,9,3,Eriadu
2024-10-08 13:18:24,957,tie_silencer,empire,10,2,5,7,Muunilinst
2024-10-08 13:18:23,958,tie_fighter,resistance,2,8,7,1,Iridonia
2024-10-08 13:18:22,959,at-at,empire,5,5,4,4,Tatooine
2024-10-08 13:18:21,960,x-wing,empire,1,8,1,2,Ojom
2024-10-08 13:18:20,961,tie_fighter,resistance,10,4,10,7,Tatooine
2024-10-08 13:18:19,962,x-wing,resistance,3,1,7,3,Iridonia
2024-10-08 13:18:18,963,x-wing,empire,8,1,4,8,Kalee
2024-10-08 13:18:17,964,at-st,resistance,7,6,4,10,Ryloth
2024-10-08 13:18:16,965,at-st,empire,10,6,1,10,Naboo
2024-10-08 13:18:15,966,resistance_soldier,empire,1,9,3,10,Mon Cala
2024-10-08 13:18:14,967,unknown,resistance,2,3,3,7,Dorin
2024-10-08 13:18:13,968,tie_fighter,empire,8,9,2,1,Troiken
2024-10-08 13:18:12,969,stormtrooper,empire,5,5,9,1,Zolan
2024-10-08 13:18:11,970,resistance_soldier,empire,3,1,1,10,Quermia
2024-10-08 13:18:10,971,unknown,empire,8,7,8,2,Corellia
2024-10-08 13:18:09,972,tie_fighter,empire,7,3,6,1,Mirial
2024-10-08 13:18:08,973,resistance_soldier,resistance,8,10,1,8,Sullust
2024-10-08 13:18:07,974,resistance_soldier,resistance,2,6,1,7,Aleen Minor
2024-10-08 13:18:06,975,stormtrooper,empire,7,9,3,10,Quermia
2024-10-08 13:18:05,976,x-wing,resistance,8,5,4,1,Skako
2024-10-08 13:18:04,977,tie_silencer,empire,8,2,4,10,Corellia
2024-10-08 13:18:03,978,tie_fighter,empire,8,5,6,8,Socorro
2024-10-08 13:18:02,979,resistance_soldier,empire,10,9,7,6,Quermia
2024-10-08 13:18:01,980,x-wing,resistance,6,3,8,2,Trandosha
2024-10-08 13:18:00,981,tie_silencer,resistance,4,9,6,2,Chandrila
2024-10-08 13:17:59,982,unknown,resistance,10,8,8,9,Chandrila
2024-10-08 13:17:58,983,stormtrooper,empire,7,4,8,6,Dagobah
2024-10-08 13:17:57,984,resistance_soldier,resistance,1,10,3,4,Dorin
2024-10-08 13:17:56,985,resistance_soldier,empire,9,6,8,1,Stewjon
2024-10-08 13:17:55,986,resistance_soldier,empire,6,3,6,3,Vulpter
2024-10-08 13:17:54,987,resistance_soldier,resistance,10,10,4,2,Ryloth
2024-10-08 13:17:53,988,at-st,resistance,10,4,5,8,Socorro
2024-10-08 13:17:52,989,tie_silencer,resistance,2,3,1,3,Glee Anselm
2024-10-08 13:17:51,990,resistance_soldier,empire,7,7,4,8,Socorro
2024-10-08 13:17:50,991,unknown,resistance,10,4,3,1,Haruun Kal
2024-10-08 13:17:49,992,stormtrooper,empire,1,9,3,4,Cerea
2024-10-08 13:17:48,993,at-at,empire,9,9,2,2,Corellia
2024-10-08 13:17:47,994,at-st,resistance,9,10,3,9,Ryloth
2024-10-08 13:17:46,995,x-wing,empire,6,8,5,1,Stewjon
2024-10-08 13:17:45,996,tie_fighter,empire,6,1,6,2,Stewjon
2024-10-08 13:17:44,997,tie_silencer,resistance,10,5,7,2,Glee Anselm
2024-10-08 13:17:43,998,x-wing,resistance,4,5,10,7,Kashyyyk
2024-10-08 13:17:42,999,unknown,resistance,6,10,5,9,Trandosha
2024-10-08 13:17:41,1000,at-st,empire,10,2,4,3,Zolan
